<beans xmlns="http://www.springframework.org/schema/beans" 
xmlns:context="http://www.springframework.org/schema/context" 
xmlns:mvc="http://www.springframework.org/schema/mvc" 
xmlns:xsi="http://www.w3.org/2001/XMLSchema-instance" 
xsi:schemaLocation=" 
http://www.springframework.org/schema/beans
http://www.springframework.org/schema/beans/spring-beans-3.0.xsd
http://www.springframework.org/schema/context
http://www.springframework.org/schema/context/spring-context-3.0.xsd
http://www.springframework.org/schema/mvc
http://www.springframework.org/schema/mvc/spring-mvc-3.0.xsd">
<context:component-scan base-package="Controller" />

<bean class="org.springframework.context.support.ResourceBundleMessageSource" 
id="messageSource">
<property name="basename" value="messages" />
</bean>

<mvc:resources mapping="/pages/**" location="/WEB-INF/pages/" />
<mvc:resources mapping="/resources/**" location="/resources/" cache-period="31556926"/>
<mvc:annotation-driven/>

<bean class="org.springframework.web.servlet.view.InternalResourceViewResolver">
<property name="prefix" value="/WEB-INF/jsp/" />
<property name="suffix" value=".jsp" />
</bean>
<bean id="CourseStudentDAO" class="DAO.CourseStudentDAO"></bean>
<bean id="StudentDAO" class="DAO.StudentDAO"></bean>
<bean id="UserDAO" class="DAO.UserDAO"></bean>
<bean id="CourseDAO" class="DAO.CourseDAO"></bean>
<mvc:annotation-driven/>
</beans>